{
  "pdf": "/Users/inspyre/Documents/Obsidian Vault/PORJECTS/PI0\u8fd1\u4f3c\u8ba1\u7b97/\u4ea7\u51fa/PI0\u67b6\u6784\u56fe/pi0_vla_flow_model.pdf",
  "mode": "teaching",
  "text_plot_overlap_check": false,
  "plot_label_regex": null,
  "page": {
    "width": 997.8400268554688,
    "height": 530.1199951171875
  },
  "text_box_count": 94,
  "title": {
    "text": "\u03c00Module-LevelVision-Language-ActionFlowArchitecture",
    "x0": 162.77999877929688,
    "y0": 7.986284255981445,
    "x1": 839.3124389648438,
    "y1": 35.55514907836914,
    "colors": [
      0
    ]
  },
  "issues": [],
  "status": "pass"
}
